"ligne","montees","km","ratio","mode","ligne_type_act"
"1",22033527.19,8149997.178,2.704,"Autobus","PRINCIPAL"
"10",22502480.76,5093610.74299996,4.418,"Trolleybus","PRINCIPAL"
"11",28082852.97,7132607.976,3.937,"Autobus","PRINCIPAL"
"12",72246911.17,13502277.6740002,5.351,"Tram","PRINCIPAL"
"14",103010178.16,18709629.6929995,5.506,"Tram","PRINCIPAL"
"15",68700197.37,9960028.85699997,6.898,"Tram","PRINCIPAL"
"17",37121573.55,4147314.88199997,8.951,"Tram","PRINCIPAL"
"18",56313051.57,8756580.06999996,6.431,"Tram","PRINCIPAL"
"19",24293583.98,8679104.88599996,2.799,"Trolleybus","PRINCIPAL"
"2",20696901.68,6704805.51899999,3.087,"Trolleybus","PRINCIPAL"
"20",9839255.34,3651924.68,2.694,"Autobus","PRINCIPAL"
"21",5729314.98,5466916.52499996,1.048,"Autobus","PRINCIPAL"
"22",14273878.76,6633656.92399999,2.152,"Autobus","PRINCIPAL"
"23",11377916.64,5946456.92499999,1.913,"Autobus","PRINCIPAL"
"25",17486964.89,5409216.51600001,3.233,"Autobus","PRINCIPAL"
"28",4686735.36,4643316.083,1.009,"Autobus","PRINCIPAL"
"29",261293.89,104554.366,2.499,"Autobus","PRINCIPAL"
"3",28765908.2,7917964.92899993,3.633,"Trolleybus","PRINCIPAL"
"301",128193,775558.395,0.165,"Autobus","SECONDAIRE"
"302",102680,546662.216,0.188,"Autobus","SECONDAIRE"
"303",307,1764.61,0.174,"Autobus","SECONDAIRE"
"31",1937388.39,1774988.95,1.091,"Autobus","SECONDAIRE"
"32",2596162.62,2463211.074,1.054,"Autobus","SECONDAIRE"
"33",2532171.67,2775389.9,0.912,"Autobus","SECONDAIRE"
"34",407720.58,2604927.133,0.157,"Autobus","SECONDAIRE"
"35",493558.82,1056794.506,0.467,"Autobus","SECONDAIRE"
"36",86923.89,366701.751,0.237,"Autobus","SECONDAIRE"
"37",2099355.79,1718072.291,1.222,"Autobus","SECONDAIRE"
"38",2453351.14,2939788.324,0.835,"Autobus","SECONDAIRE"
"39",192154.4,686921.973,0.28,"Autobus","SECONDAIRE"
"40",1612709.69,693156.268999999,2.327,"Autobus","SECONDAIRE"
"41",2941035.34,3091302.58500001,0.951,"Autobus","SECONDAIRE"
"42",1907500.07,3132067.438,0.609,"Autobus","SECONDAIRE"
"43",4814451.71,4022068.881,1.197,"Autobus","SECONDAIRE"
"44",2044183.47,1425536.931,1.434,"Autobus","SECONDAIRE"
"45",1843799.96,1061523.219,1.737,"Autobus","SECONDAIRE"
"46",880364.78,1204107.71,0.731,"Autobus","SECONDAIRE"
"47",930639.99,1508377.318,0.617,"Autobus","SECONDAIRE"
"48",1108671.51,1109911.046,0.999,"Autobus","SECONDAIRE"
"5",21801288.16,8731243.23599997,2.497,"Autobus","PRINCIPAL"
"50",2712820.62,1957733.725,1.386,"Autobus","SECONDAIRE"
"51",3034246.82,2292202.377,1.324,"Autobus","SECONDAIRE"
"52",1250865.24,1823715.638,0.686,"Autobus","SECONDAIRE"
"53",3308716.71,3084774.52399999,1.073,"Autobus","SECONDAIRE"
"54",889520.01,1204462.321,0.739,"Autobus","SECONDAIRE"
"55",1172001.29,1941192.167,0.604,"Autobus","SECONDAIRE"
"56",199159.7,331476.958,0.601,"Autobus","SECONDAIRE"
"57",3119481.61,3414175.60899999,0.914,"Autobus","SECONDAIRE"
"58",71204.26,75656.8100000001,0.941,"Autobus","SECONDAIRE"
"59",343228.76,937374.718,0.366,"Autobus","SECONDAIRE"
"6",19977750.64,6199140.10899999,3.223,"Trolleybus","PRINCIPAL"
"60",8026206.4,2174059.99599999,3.692,"Autobus","GLCT"
"61",1085467.52,1657573.626,0.655,"Autobus","GLCT"
"62",552165.34,645830.491,0.855,"Autobus","SECONDAIRE"
"63",28192.4,350549.849,0.08,"Autobus","SECONDAIRE"
"64",1528800.14,817053.855000001,1.871,"Autobus","GLCT"
"66",3632023.5,3159568.503,1.15,"Autobus","GLCT"
"67",979146.61,626195.502000001,1.564,"Autobus","GLCT"
"68",4163877.18,3430848.10700002,1.214,"Autobus","GLCT"
"69",61445.9,86603.8169999999,0.71,"Autobus","GLCT"
"7",16644245.32,5909550.29000005,2.816,"Trolleybus","PRINCIPAL"
"70",823242.64,1416997.689,0.581,"Autobus","SECONDAIRE"
"71",431530.78,719527.377,0.6,"Autobus","SECONDAIRE"
"72",210721.78,594744.884,0.354,"Autobus","SECONDAIRE"
"73",389916.69,1286913.58,0.303,"Autobus","SECONDAIRE"
"74",276900.4,1555792.434,0.178,"Autobus","SECONDAIRE"
"75",145107.84,115803.323,1.253,"Autobus","SECONDAIRE"
"76",8818.99,437772.084,0.02,"Autobus","SECONDAIRE"
"77",6033.82,195949.742,0.031,"Autobus","SECONDAIRE"
"78",122281.05,387119.731,0.316,"Autobus","SECONDAIRE"
"8",20943797.87,9416470.18800002,2.224,"Autobus","PRINCIPAL"
"80",11920939.15,1859124.846,6.412,"Autobus","GLCT"
"82",2190167.91,640419.326,3.42,"Autobus","SECONDAIRE"
"83",468323.23,941621.702999998,0.497,"Autobus","SECONDAIRE"
"86",2015,59491.607,0.034,"Autobus","SECONDAIRE"
"9",23618333.27,8126131.03800002,2.906,"Autobus","PRINCIPAL"
"91",2129976.75,460386.158999999,4.627,"Autobus","SECONDAIRE"
"92",240997.33,154524.368,1.56,"Autobus","SECONDAIRE"
"97",23811.88,35481.337,0.671,"Autobus","SECONDAIRE"
"A",3657814.38,3734487.604,0.979,"Autobus","SECONDAIRE"
"C1",174521.59,26524.967,6.58,"Autobus","SCOLAIRE"
"C3",216426.74,57050.993,3.794,"Autobus","SCOLAIRE"
"C4",133745.57,13311.454,10.047,"Autobus","SCOLAIRE"
"C5",66328.96,15868.658,4.18,"Autobus","SCOLAIRE"
"C6",104323.05,10884.63,9.584,"Autobus","SCOLAIRE"
"C7",162435.22,28736.572,5.653,"Autobus","SCOLAIRE"
"C8",452134.15,44578.24,10.142,"Autobus","SCOLAIRE"
"C9",58245.95,18232.876,3.195,"Autobus","SCOLAIRE"
"D",4071770.95,5205435.16900003,0.782,"Autobus","GLCT"
"E",7874255.09,6203885.64700003,1.269,"Autobus","SECONDAIRE"
"E+",177271.44,96223.456,1.842,"Autobus","SECONDAIRE"
"F",2871253.88,6001729.34099993,0.478,"Autobus","GLCT"
"G",4235683.16,4014623.93,1.055,"Autobus","SECONDAIRE"
"G+",336864.59,273214.479,1.233,"Autobus","SECONDAIRE"
"J",1450328.35,2886518.317,0.502,"Autobus","SECONDAIRE"
"K",1922960.33,3662104.218,0.525,"Autobus","SECONDAIRE"
"L",1042496.33,3153791.00200001,0.331,"Autobus","SECONDAIRE"
"M",242297.37,1330357.043,0.182,"Autobus","GLCT"
"N",201943.56,1064493.53,0.19,"Autobus","GLCT"
"NA",4864.17,30483.938,0.16,"Autobus","NOCTAMBUS REGIONAL"
"NC",7239.11,52681.441,0.137,"Autobus","NOCTAMBUS REGIONAL"
"ND",2289.91,51021.711,0.045,"Autobus","NOCTAMBUS REGIONAL"
"NE",7996.98,36248.948,0.221,"Autobus","NOCTAMBUS REGIONAL"
"NJ",7384.09,54696.977,0.135,"Autobus","NOCTAMBUS REGIONAL"
"NK",5132.8,26585.776,0.193,"Autobus","NOCTAMBUS REGIONAL"
"NM",4201.3,31736.746,0.132,"Autobus","NOCTAMBUS REGIONAL"
"NO",1983.66,22224.798,0.089,"Autobus","NOCTAMBUS REGIONAL"
"NP",3137.57,31782.032,0.099,"Autobus","NOCTAMBUS REGIONAL"
"NS",4129.3,33572.549,0.123,"Autobus","NOCTAMBUS REGIONAL"
"NT",2347.9,40478.415,0.058,"Autobus","NOCTAMBUS REGIONAL"
"NV",5700.55,18875.119,0.302,"Autobus","NOCTAMBUS REGIONAL"
"T",19060.48,229844.491,0.083,"Autobus","GLCT"
