"mois","jour","nuit","nuit_semaine","weekends","nuit_par_weekend","annee","mn"
2019-01-01,18254268.81,35713.47,1414.83,4,8928.3675,2019,1
2019-02-01,17028096.04,39102.47,1377.39,4,9775.6175,2019,2
2019-03-01,19764995.54,47418.96,1309.58,5,9483.792,2019,3
2019-04-01,17488649.61,38127.27,2278.78,4,9531.8175,2019,4
2019-05-01,19685454.91,43808.12,1883.36,4,10952.03,2019,5
2019-06-01,18082166.3,53808.34,2984.26,5,10761.668,2019,6
2019-07-01,16040155.12,39274.25,3720.24,4,9818.5625,2019,7
2019-08-01,15513050.08,58344.63,2856.62,5,11668.926,2019,8
2019-09-01,18144094.47,39230.49,1878.82,4,9807.6225,2019,9
2019-10-01,19829540.63,42388.46,2174.3,4,10597.115,2019,10
2019-11-01,20241646.92,54232.53,1335.08,5,10846.506,2019,11
2019-12-01,18134455.96,40604.72,16872.43,4,10151.18,2019,12
2020-01-01,18745190.3,42273.02,1800.57,4,10568.255,2020,1
2020-02-01,17915311.33,47707.44,1824.69,5,9541.488,2020,2
2020-03-01,10556954.55,16491.53,1014.5,4,4122.8825,2020,3
2020-04-01,3408344.03,420.21,709.57,4,105.0525,2020,4
2020-05-01,7690009.08,1461.25,1401.98,5,292.25,2020,5
2020-06-01,11964168.97,2471.75,2093.97,4,617.9375,2020,6
2020-07-01,11829091.82,5409.19,2561.01,4,1352.2975,2020,7
2020-08-01,11570857.6,29404.05,2158.85,5,5880.81,2020,8
2020-09-01,14349513.87,28844.26,1572.76,4,7211.065,2020,9
2020-10-01,14454850.32,31309.7,1324.93,5,6261.94,2020,10
2020-11-01,10590144,1169.28,565.27,4,292.32,2020,11
2020-12-01,12169801.69,948.03,1166.99,4,237.0075,2020,12
2021-01-01,10915923.17,911.3,596.09,5,182.26,2021,1
2021-02-01,10404272.82,960.53,532.43,4,240.1325,2021,2
2021-03-01,13662561.58,990.39,612.74,4,247.5975,2021,3
2021-04-01,12180658.33,1344.11,918.06,4,336.0275,2021,4
2021-05-01,13345582.25,1634.54,1067.26,5,326.908,2021,5
2021-06-01,14079961.31,2572.27,2187.38,4,643.0675,2021,6
2021-07-01,12017811.31,31077.93,3192.06,5,6215.586,2021,7
2021-08-01,11787966.92,28097.23,4463.14,4,7024.3075,2021,8
2021-09-01,14824725.34,31862.36,2786.92,4,7965.59,2021,9
2021-10-01,15416077.13,39024.37,1882.63,5,7804.874,2021,10
2021-11-01,16353593.92,31973.61,1978.27,4,7993.4025,2021,11
2021-12-01,14909973.85,35460.43,2682.48,4,8865.1075,2021,12
2022-01-01,13143631.74,25250.34,1999.77,5,5050.068,2022,1
2022-02-01,13865760.39,33611.22,2618.82,4,8402.805,2022,2
2022-03-01,17431937.93,36855.84,2486.8,4,9213.96,2022,3
2022-04-01,15168811.05,45077.8,3193.25,5,9015.56,2022,4
2022-05-01,17518738.26,42320.72,3467.96,4,10580.18,2022,5
2022-06-01,17186379.91,53466.76,4549.15,4,13366.69,2022,6
2022-07-01,13894582.51,56262.16,5608.65,5,11252.432,2022,7
2022-08-01,14806849.26,44209.45,6110.69,4,11052.3625,2022,8
2022-09-01,17265764.33,48753.22,3220.82,4,12188.305,2022,9
2022-10-01,16609679.83,52318.04,2912.38,5,10463.608,2022,10
2022-11-01,18507926.24,45251.02,3138.9,4,11312.755,2022,11
2022-12-01,17490311.05,63189.12,4008.14,5,12637.824,2022,12
2023-01-01,16835707.81,38076.55,3306.75,4,9519.1375,2023,1
2023-02-01,16321196.72,42283.04,3039.51,4,10570.76,2023,2
2023-03-01,19947796.8,51443.78,3189.05,4,12860.945,2023,3
2023-04-01,15795898.51,47512.28,3989.72,5,9502.456,2023,4
2023-05-01,18752716.38,50920.31,6844.15,4,12730.0775,2023,5
2023-06-01,18948543.82,65066.9,4968.97,4,16266.725,2023,6
2023-07-01,14662426.65,55776.66,5531.19,5,11155.332,2023,7
2023-08-01,15693817.29,40670.78,4989.68,4,10167.695,2023,8
2023-09-01,17999698.01,57241.21,3471.48,5,11448.242,2023,9
2023-10-01,18863625.13,43312.25,3404.08,4,10828.0625,2023,10
2023-11-01,20022860.02,45669.68,3129.68,4,11417.42,2023,11
2023-12-01,18105897.61,50978.25,26322.81,5,10195.65,2023,12
2024-01-01,17885420.18,44157.59,4263.04,4,11039.3975,2024,1
2024-02-01,17755089.41,49493.61,3755.58,4,12373.4025,2024,2
2024-03-01,19138990.32,61979.96,4344.13,5,12395.992,2024,3
2024-04-01,17409412.06,54023.01,4876.8,4,13505.7525,2024,4
2024-05-01,19257761.02,58381.55,5352.88,4,14595.3875,2024,5
2024-06-01,18551156.46,71506.53,6286.75,5,14301.306,2024,6
2024-07-01,15510595.25,59488.55,7230.91,4,14872.1375,2024,7
2024-08-01,16172619.62,67568.22,6689.36,5,13513.644,2024,8
2024-09-01,18182634.79,51936.77,4756.75,4,12984.1925,2024,9
2024-10-01,19735899.52,53243.87,4890.59,4,13310.9675,2024,10
2024-11-01,19787597.94,68698.42,3751.71,5,13739.684,2024,11
2024-12-01,17789150.44,48220.54,26061.61,4,12055.135,2024,12
2025-01-01,18640253.54,47559.37,4370.08,4,11889.8425,2025,1
2025-02-01,17563227.65,48195.04,4583.14,4,12048.76,2025,2
2025-03-01,20175772.32,57101.42,4585.41,5,11420.284,2025,3
2025-04-01,17950209.94,51557.36,5995.1,4,12889.34,2025,4
2025-05-01,20009990.9,67351.22,5620.48,5,13470.244,2025,5
2025-06-01,18967079.23,73942.67,7870.35,4,18485.6675,2025,6
2025-07-01,16009821.82,60922.18,7569.52,4,15230.545,2025,7
2025-08-01,16629591,70261.43,6047.82,5,14052.286,2025,8
2025-09-01,19459030.22,54668.35,4850.33,4,13667.0875,2025,9
2025-10-01,20164520.52,61649.37,4844.67,4,15412.3425,2025,10
2025-11-01,19918359.11,62515.72,4000.35,5,12503.144,2025,11
2025-12-01,18260819.69,49071.69,35381.49,4,12267.9225,2025,12
2026-01-01,19099343.7,56515.18,13013.13,5,11303.036,2026,1
2026-02-01,17888154.27,54933.9,13131.26,4,13733.475,2026,2
2026-03-01,20791799.58,54724.36,14514.13,4,13681.09,2026,3
2026-04-01,17975414.61,54806.24,22633.67,4,13701.56,2026,4
2026-05-01,19519397.09,76166.81,25531.68,5,15233.362,2026,5
2026-06-01,18760018.87,75915.83,31877.58,4,18978.9575,2026,6
