"dataset","mois","n_definitif","n_non_definitif","note"
"journalier","2023-02",97707,0,""
"journalier","2023-03",111225,0,""
"journalier","2023-04",101552,0,""
"journalier","2023-05",108304,0,""
"journalier","2023-06",106598,0,""
"journalier","2023-07",102994,0,""
"journalier","2023-08",104900,0,""
"journalier","2023-09",105994,0,""
"journalier","2023-10",107243,0,""
"journalier","2023-11",105035,0,""
"journalier","2023-12",105334,0,""
"journalier","2024-01",104798,0,""
"journalier","2024-02",98310,0,""
"journalier","2024-03",104319,0,""
"journalier","2024-04",98960,0,""
"journalier","2024-05",104298,0,""
"journalier","2024-06",100599,0,""
"journalier","2024-07",99771,0,""
"journalier","2024-08",102946,0,""
"journalier","2024-09",103674,0,""
"journalier","2024-10",106946,0,""
"journalier","2024-11",104986,0,""
"journalier","2024-12",105669,0,""
"journalier","2025-01",107549,0,""
"journalier","2025-02",96549,0,""
"journalier","2025-03",107540,0,""
"journalier","2025-04",100656,0,""
"journalier","2025-05",106875,0,""
"journalier","2025-06",103747,0,""
"journalier","2025-07",102786,0,""
"journalier","2025-08",105888,0,""
"journalier","2025-09",108071,0,""
"journalier","2025-10",109900,0,""
"journalier","2025-11",106831,0,""
"journalier","2025-12",109800,0,""
"journalier","2026-01",113073,0,""
"journalier","2026-02",100926,0,""
"journalier","2026-03",113957,0,""
"journalier","2026-04",106019,0,""
"journalier","2026-05",112535,0,""
"journalier","2026-06",109576,0,""
"journalier","2026-07",61958,45423,""
"journalier","2026-08",0,111926,""
"journalier","2026-09",0,48067,""
"mensuel","2016-01",3861,0,""
"mensuel","2016-02",3845,0,""
"mensuel","2016-03",3854,0,""
"mensuel","2016-04",3846,0,""
"mensuel","2016-05",4011,0,""
"mensuel","2016-06",3919,0,""
"mensuel","2016-07",3444,0,""
"mensuel","2016-08",3963,0,""
"mensuel","2016-09",3924,0,""
"mensuel","2016-10",3834,0,""
"mensuel","2016-11",3839,0,""
"mensuel","2016-12",4308,0,""
"mensuel","2017-01",3935,0,""
"mensuel","2017-02",3937,0,""
"mensuel","2017-03",3947,0,""
"mensuel","2017-04",4066,0,""
"mensuel","2017-05",4168,0,""
"mensuel","2017-06",4535,0,""
"mensuel","2017-07",3639,0,""
"mensuel","2017-08",4070,0,""
"mensuel","2017-09",4170,0,""
"mensuel","2017-10",4125,0,""
"mensuel","2017-11",4002,0,""
"mensuel","2017-12",4263,0,""
"mensuel","2018-01",3944,0,""
"mensuel","2018-02",3979,0,""
"mensuel","2018-03",3976,0,""
"mensuel","2018-04",3987,0,""
"mensuel","2018-05",4103,0,""
"mensuel","2018-06",4029,0,""
"mensuel","2018-07",3601,0,""
"mensuel","2018-08",4037,0,""
"mensuel","2018-09",3992,0,""
"mensuel","2018-10",3991,0,""
"mensuel","2018-11",3971,0,""
"mensuel","2018-12",4364,0,""
"mensuel","2019-01",3992,0,""
"mensuel","2019-02",3995,0,""
"mensuel","2019-03",3998,0,""
"mensuel","2019-04",3998,0,""
"mensuel","2019-05",4146,0,""
"mensuel","2019-06",4053,0,""
"mensuel","2019-07",3635,0,""
"mensuel","2019-08",4021,0,""
"mensuel","2019-09",4021,0,""
"mensuel","2019-10",4001,0,""
"mensuel","2019-11",4020,0,""
"mensuel","2019-12",4931,0,""
"mensuel","2020-01",4251,0,""
"mensuel","2020-02",4245,0,""
"mensuel","2020-03",4261,0,""
"mensuel","2020-04",2824,0,""
"mensuel","2020-05",3514,0,""
"mensuel","2020-06",3593,0,""
"mensuel","2020-07",3788,0,""
"mensuel","2020-08",4250,0,""
"mensuel","2020-09",4221,0,""
"mensuel","2020-10",4232,0,""
"mensuel","2020-11",3589,0,""
"mensuel","2020-12",3663,0,""
"mensuel","2021-01",3608,0,""
"mensuel","2021-02",3603,0,""
"mensuel","2021-03",3540,0,""
"mensuel","2021-04",3550,0,""
"mensuel","2021-05",3566,0,""
"mensuel","2021-06",3532,0,""
"mensuel","2021-07",3868,0,""
"mensuel","2021-08",4165,0,""
"mensuel","2021-09",4179,0,""
"mensuel","2021-10",4121,0,""
"mensuel","2021-11",4138,0,""
"mensuel","2021-12",4451,0,""
"mensuel","2022-01",4088,0,""
"mensuel","2022-02",4096,0,""
"mensuel","2022-03",4038,0,""
"mensuel","2022-04",4043,0,""
"mensuel","2022-05",4290,0,""
"mensuel","2022-06",4126,0,""
"mensuel","2022-07",4146,0,""
"mensuel","2022-08",4256,0,""
"mensuel","2022-09",4206,0,""
"mensuel","2022-10",4315,0,""
"mensuel","2022-11",4241,0,""
"mensuel","2022-12",4322,0,""
"mensuel","2023-01",4305,0,""
"mensuel","2023-02",4298,0,""
"mensuel","2023-03",4302,0,""
"mensuel","2023-04",4310,0,""
"mensuel","2023-05",4403,0,""
"mensuel","2023-06",4298,0,""
"mensuel","2023-07",4088,0,""
"mensuel","2023-08",4369,0,""
"mensuel","2023-09",4286,0,""
"mensuel","2023-10",4269,0,""
"mensuel","2023-11",4215,0,""
"mensuel","2023-12",4939,0,""
"mensuel","2024-01",3807,0,""
"mensuel","2024-02",3798,0,""
"mensuel","2024-03",3802,0,""
"mensuel","2024-04",3786,0,""
"mensuel","2024-05",3894,0,""
"mensuel","2024-06",3800,0,""
"mensuel","2024-07",3587,0,""
"mensuel","2024-08",3901,0,""
"mensuel","2024-09",3894,0,""
"mensuel","2024-10",3880,0,""
"mensuel","2024-11",3875,0,""
"mensuel","2024-12",4084,0,""
"mensuel","2025-01",3842,0,""
"mensuel","2025-02",3847,0,""
"mensuel","2025-03",3855,0,""
"mensuel","2025-04",3880,0,""
"mensuel","2025-05",4315,0,""
"mensuel","2025-06",4120,0,""
"mensuel","2025-07",3697,0,""
"mensuel","2025-08",4160,0,""
"mensuel","2025-09",4071,0,""
"mensuel","2025-10",4018,0,""
"mensuel","2025-11",3994,0,""
"mensuel","2025-12",4208,0,""
"mensuel","2026-01",4089,0,""
"mensuel","2026-02",4162,0,""
"mensuel","2026-03",4099,0,""
"mensuel","2026-04",4129,0,""
"mensuel","2026-05",4332,0,""
"mensuel","2026-06",4273,0,""
"mensuel","2026-07",3906,0,""
"mensuel","2026-08",0,4403,""
"horaire","2019-01",721,0,""
"horaire","2019-02",659,0,""
"horaire","2019-03",732,0,""
"horaire","2019-04",704,0,""
"horaire","2019-05",727,0,""
"horaire","2019-06",706,0,""
"horaire","2019-07",725,0,""
"horaire","2019-08",729,0,""
"horaire","2019-09",702,0,""
"horaire","2019-10",723,0,""
"horaire","2019-11",707,0,""
"horaire","2019-12",727,0,""
"horaire","2020-01",725,0,""
"horaire","2020-02",681,0,""
"horaire","2020-03",708,0,""
"horaire","2020-04",674,0,""
"horaire","2020-05",701,0,""
"horaire","2020-06",685,0,""
"horaire","2020-07",708,0,""
"horaire","2020-08",719,0,""
"horaire","2020-09",699,0,""
"horaire","2020-10",725,0,""
"horaire","2020-11",678,0,""
"horaire","2020-12",700,0,""
"horaire","2021-01",695,0,""
"horaire","2021-02",633,0,""
"horaire","2021-03",704,0,""
"horaire","2021-04",685,0,""
"horaire","2021-05",705,0,""
"horaire","2021-06",684,0,""
"horaire","2021-07",723,0,""
"horaire","2021-08",722,0,""
"horaire","2021-09",701,0,""
"horaire","2021-10",726,0,""
"horaire","2021-11",698,0,""
"horaire","2021-12",721,0,""
"horaire","2022-01",711,0,""
"horaire","2022-02",652,0,""
"horaire","2022-03",719,0,""
"horaire","2022-04",698,0,""
"horaire","2022-05",721,0,""
"horaire","2022-06",703,0,""
"horaire","2022-07",725,0,""
"horaire","2022-08",712,0,""
"horaire","2022-09",691,0,""
"horaire","2022-10",721,0,""
"horaire","2022-11",696,0,""
"horaire","2022-12",726,0,""
"horaire","2023-01",712,0,""
"horaire","2023-02",649,0,""
"horaire","2023-03",720,0,""
"horaire","2023-04",700,0,""
"horaire","2023-05",728,0,""
"horaire","2023-06",707,0,""
"horaire","2023-07",721,0,""
"horaire","2023-08",719,0,""
"horaire","2023-09",706,0,""
"horaire","2023-10",724,0,""
"horaire","2023-11",721,0,""
"horaire","2023-12",751,0,""
"horaire","2024-01",736,0,""
"horaire","2024-02",699,0,""
"horaire","2024-03",742,0,""
"horaire","2024-04",719,0,""
"horaire","2024-05",738,0,""
"horaire","2024-06",719,0,""
"horaire","2024-07",722,0,""
"horaire","2024-08",741,0,""
"horaire","2024-09",711,0,""
"horaire","2024-10",722,0,""
"horaire","2024-11",702,0,""
"horaire","2024-12",722,0,""
"horaire","2025-01",714,0,""
"horaire","2025-02",636,0,""
"horaire","2025-03",716,0,""
"horaire","2025-04",690,0,""
"horaire","2025-05",704,0,""
"horaire","2025-06",683,0,""
"horaire","2025-07",709,0,""
"horaire","2025-08",704,0,""
"horaire","2025-09",680,0,""
"horaire","2025-10",702,0,""
"horaire","2025-11",684,0,""
"horaire","2025-12",726,0,""
"horaire","2026-01",732,0,""
"horaire","2026-02",661,0,""
"horaire","2026-03",731,0,""
"horaire","2026-04",707,0,""
"horaire","2026-05",749,0,""
"horaire","2026-06",715,0,""
"horaire","2026-07",432,309,""
"horaire","2026-08",0,741,""
"horaire","2026-09",0,286,""
"mn","2024-03",19936,0,""
"mn","2024-04",18471,0,""
"mn","2024-05",17813,0,""
"mn","2024-06",19611,0,""
"mn","2024-07",17904,0,""
"mn","2024-08",15111,0,""
"mn","2024-09",18474,0,""
"mn","2024-10",20704,0,""
"mn","2024-11",18318,0,""
"mn","2024-12",18192,0,""
"mn","2025-01",19943,0,""
"mn","2025-02",17906,0,""
"mn","2025-03",19401,0,""
"mn","2025-04",18931,0,""
"mn","2025-05",18331,0,""
"mn","2025-06",18950,0,""
"mn","2025-07",17496,0,""
"mn","2025-08",15737,0,""
"mn","2025-09",20407,0,""
"mn","2025-10",21458,0,""
"mn","2025-11",20199,0,""
"mn","2025-12",22333,0,""
"mn","2026-01",20512,0,""
"mn","2026-02",18878,0,""
"mn","2026-03",21864,0,""
"mn","2026-04",20956,0,""
"mn","2026-05",18881,0,""
"mn","2026-06",21573,0,""
"mn","2026-07",10071,8064,""
"mn","2026-08",0,16715,""
"mn","2026-09",0,8520,""
"km_prod","2016-01",2043,0,""
"km_prod","2016-02",1945,0,""
"km_prod","2016-03",2058,0,""
"km_prod","2016-04",2077,0,""
"km_prod","2016-05",2085,0,""
"km_prod","2016-06",2021,0,""
"km_prod","2016-07",1849,0,""
"km_prod","2016-08",1871,0,""
"km_prod","2016-09",2080,0,""
"km_prod","2016-10",2060,0,""
"km_prod","2016-11",2087,0,""
"km_prod","2016-12",2088,0,""
"km_prod","2017-01",2065,0,""
"km_prod","2017-02",1875,0,""
"km_prod","2017-03",2160,0,""
"km_prod","2017-04",1965,0,""
"km_prod","2017-05",2179,0,""
"km_prod","2017-06",2086,0,""
"km_prod","2017-07",1932,0,""
"km_prod","2017-08",1975,0,""
"km_prod","2017-09",2118,0,""
"km_prod","2017-10",2125,0,""
"km_prod","2017-11",2134,0,""
"km_prod","2017-12",2158,0,""
"km_prod","2018-01",2180,0,""
"km_prod","2018-02",1968,0,""
"km_prod","2018-03",2219,0,""
"km_prod","2018-04",2079,0,""
"km_prod","2018-05",2187,0,""
"km_prod","2018-06",2163,0,""
"km_prod","2018-07",1982,0,""
"km_prod","2018-08",2062,0,""
"km_prod","2018-09",2161,0,""
"km_prod","2018-10",2240,0,""
"km_prod","2018-11",2227,0,""
"km_prod","2018-12",2248,0,""
"km_prod","2019-01",2309,0,""
"km_prod","2019-02",2077,0,""
"km_prod","2019-03",2349,0,""
"km_prod","2019-04",2184,0,""
"km_prod","2019-05",2344,0,""
"km_prod","2019-06",2203,0,""
"km_prod","2019-07",2113,0,""
"km_prod","2019-08",2170,0,""
"km_prod","2019-09",2234,0,""
"km_prod","2019-10",2312,0,""
"km_prod","2019-11",2288,0,""
"km_prod","2019-12",2351,0,""
"km_prod","2020-01",2517,0,""
"km_prod","2020-02",2314,0,""
"km_prod","2020-03",2269,0,""
"km_prod","2020-04",1799,0,""
"km_prod","2020-05",2199,0,""
"km_prod","2020-06",2242,0,""
"km_prod","2020-07",2179,0,""
"km_prod","2020-08",2316,0,""
"km_prod","2020-09",2436,0,""
"km_prod","2020-10",2478,0,""
"km_prod","2020-11",2325,0,""
"km_prod","2020-12",2359,0,""
"km_prod","2021-01",2318,0,""
"km_prod","2021-02",2132,0,""
"km_prod","2021-03",2424,0,""
"km_prod","2021-04",2235,0,""
"km_prod","2021-05",2327,0,""
"km_prod","2021-06",2315,0,""
"km_prod","2021-07",2316,0,""
"km_prod","2021-08",2292,0,""
"km_prod","2021-09",2432,0,""
"km_prod","2021-10",2470,0,""
"km_prod","2021-11",2458,0,""
"km_prod","2021-12",2460,0,""
"km_prod","2022-01",2402,0,""
"km_prod","2022-02",2197,0,""
"km_prod","2022-03",2472,0,""
"km_prod","2022-04",2312,0,""
"km_prod","2022-05",2426,0,""
"km_prod","2022-06",2347,0,""
"km_prod","2022-07",2337,0,""
"km_prod","2022-08",2359,0,""
"km_prod","2022-09",2361,0,""
"km_prod","2022-10",2404,0,""
"km_prod","2022-11",2380,0,""
"km_prod","2022-12",2464,0,""
"km_prod","2023-01",2443,0,""
"km_prod","2023-02",2217,0,""
"km_prod","2023-03",2513,0,""
"km_prod","2023-04",2280,0,""
"km_prod","2023-05",2452,0,""
"km_prod","2023-06",2410,0,""
"km_prod","2023-07",2325,0,""
"km_prod","2023-08",2387,0,""
"km_prod","2023-09",2402,0,""
"km_prod","2023-10",2444,0,""
"km_prod","2023-11",2396,0,""
"km_prod","2023-12",2337,0,""
"km_prod","2024-01",2318,0,""
"km_prod","2024-02",2170,0,""
"km_prod","2024-03",2321,0,""
"km_prod","2024-04",2197,0,""
"km_prod","2024-05",2320,0,""
"km_prod","2024-06",2227,0,""
"km_prod","2024-07",2174,0,""
"km_prod","2024-08",2240,0,""
"km_prod","2024-09",2258,0,""
"km_prod","2024-10",2334,0,""
"km_prod","2024-11",2277,0,""
"km_prod","2024-12",2273,0,""
"km_prod","2025-01",2321,0,""
"km_prod","2025-02",2071,0,""
"km_prod","2025-03",2321,0,""
"km_prod","2025-04",2178,0,""
"km_prod","2025-05",2294,0,""
"km_prod","2025-06",2205,0,""
"km_prod","2025-07",2163,0,""
"km_prod","2025-08",2258,0,""
"km_prod","2025-09",2343,0,""
"km_prod","2025-10",2384,0,""
"km_prod","2025-11",2309,0,""
"km_prod","2025-12",2339,0,""
"km_prod","2026-01",2372,0,""
"km_prod","2026-02",2123,0,""
"km_prod","2026-03",2396,0,""
"km_prod","2026-04",2221,0,""
"km_prod","2026-05",2361,0,""
"km_prod","2026-06",2290,0,""
"km_prod","2026-07",1233,1012,""
"km_prod","2026-08",0,2333,""
"km_prod","2026-09",0,940,""
